{"cameraMode":{"drawMode":0,"name":"Shaded","section":"Shading Mode"},"sceneLighting":true,"audioPlay":false,"sceneViewState":{"showFog":true,"showMaterialUpdate":false,"showSkybox":true,"showFlares":true,"showImageEffects":true,"showParticleSystems":true},"in2DMode":false,"pivot":{"x":14.422088623046875,"y":4.471447944641113,"z":2.1226718425750734},"rotation":{"x":0.04936610907316208,"y":-0.26606181263923647,"z":-0.013804326765239239,"w":-0.9625921249389648},"size":22.68166160583496,"orthographic":false}