{"cameraMode":{"drawMode":0,"name":"Shaded","section":"Shading Mode"},"sceneLighting":false,"audioPlay":false,"sceneViewState":{"showFog":true,"showMaterialUpdate":false,"showSkybox":true,"showFlares":true,"showImageEffects":true,"showParticleSystems":true},"in2DMode":false,"pivot":{"x":-0.2269899845123291,"y":1.0089999437332154,"z":-0.053999997675418857},"rotation":{"x":-0.24663685262203217,"y":-0.37670713663101199,"z":0.10461098700761795,"w":-0.8867460489273071},"size":1.253839373588562,"orthographic":false}